{
    "platforms": [
        {
            "type": "Platform",
            "x": 0,
            "y": 180,
            "width": 2000,
            "height": 40,
            "color": [
                0,
                0,
                0
            ]
        },
        {
            "type": "LadderPlatform",
            "x": 110,
            "y": 10,
            "width": 10,
            "height": 270,
            "color": [
                0,
                255,
                0
            ]
        }
    ],
    "world_width": 2000,
    "world_height": 300,
    "player_spawn": [
        25.630932768346163,
        158.15675133623145
    ],
    "gun_spawn": [
        347.1583942760695,
        156.41876505781133
    ],
    "enemy_spawns": [
        [
            295.5981346829391,
            156.9980938172847
        ]
    ]
}